1,Alabama,Birmingham,GMC,Suburban 2500,5GAER13D49J238362,7565.51
2,Colorado,Pueblo,Kia,Soul,WAUEFAFL0BN530936,1079.88
3,Kentucky,Louisville,Volkswagen,Passat,WDDGF4HB6DR740220,9724.16
4,Kentucky,Lexington,Lotus,Esprit,JTEBC3EH3C2457793,8789.32
5,Indiana,Indianapolis,Jeep,Grand Cherokee,1ZVBP8AM8D5806517,2027.1
6,Kentucky,Lexington,Pontiac,G6,WAUJC58E13A761513,5258.86
7,Colorado,Denver,Volvo,S80,1HGCP2E3XAA737341,8137.99
8,Massachusetts,Cambridge,GMC,Sonoma Club Coupe,SCFBF03BX7G923562,2091.08
9,Massachusetts,Springfield,Mitsubishi,L300,1G6YV36A685063174,4063.97
10,Kentucky,Louisville,GMC,Envoy XL,JM1BL1L35C1592733,4577.07
11,Massachusetts,Worcester,Suzuki,Sidekick,JH4KB165X8C768752,4617.43
12,Alabama,Birmingham,Nissan,Versa,2HNYD18753H381773,9713.44
13,Massachusetts,Boston,Pontiac,Firefly,WVWAA7AH9AV144794,3152.67
14,Kentucky,Louisville,Chevrolet,Caprice,JTDKDTB33F1687323,6325.57
15,Kentucky,Louisville,Maybach,57,WAUEH78E58A280220,7850.17
16,Alabama,Tuscaloosa,Ford,Mustang,WAUDG58E25A727715,77.78
17,Indiana,Indianapolis,Mazda,RX-8,WBAEH73425B604616,632.17
18,Alabama,Mobile,Subaru,Outback,5UXFE83587L120511,528.74
19,Alabama,Birmingham,Dodge,Ram Van B150,JHMZF1D42FS848434,7067.96
20,Kentucky,Louisville,Suzuki,Forenza,WA1CMBFP8EA472377,789.8
21,Indiana,Indianapolis,Cadillac,DeVille,WDDGF4HB0CF542863,2452.89
22,Indiana,Indianapolis,Volkswagen,GTI,3N1CN7AP3EL339545,7960.62
23,Indiana,Evansville,Chrysler,Cirrus,JN1AZ4EHXFM908542,2555.7
24,Kentucky,Louisville,Chevrolet,Malibu,1D7RB1CT6AS108003,665.78
25,Colorado,Aurora,Dodge,Ram 2500,1FMJK1H58CE000865,733.22
26,Alabama,Montgomery,Buick,Park Avenue,2HNYD28249H870426,8577.72
27,Indiana,Indianapolis,Pontiac,6000,1GYUCHEFXAR439086,8274.12
28,Colorado,Pueblo,Mercury,Mountaineer,WA1DGAFP4EA914822,2930.59
29,Massachusetts,New Bedford,Lotus,Exige,1N4AL3AP1EC318522,5263.28
30,Colorado,Greeley,Acura,NSX,1GYEC63888R690440,6727.71
31,Alabama,Mobile,Ford,E-Series,KNAFT4A20A5808696,9723.94
32,Alabama,Montgomery,Ford,ZX2,SCFAD22303K363887,718.69
33,Alabama,Birmingham,Oldsmobile,Cutlass Supreme,WAUCFAFR1AA913835,1616.7
34,Massachusetts,Springfield,Jeep,Compass,1FMJK1F5XBE769482,1935.02
35,Alabama,Birmingham,Buick,Electra,WBAUC9C52CV608224,3655.08
36,Colorado,Boulder,Volvo,850,WAUKF78E95A677000,9292.02
37,Indiana,Fort Wayne,Chevrolet,G-Series G10,1N6AD0CW6EN446492,3974.6
38,Massachusetts,Boston,Toyota,Supra,WBS3C9C56FJ506198,4020.77
39,Indiana,Bloomington,GMC,Sierra 3500,ML32A3HJ3EH463119,5907.99
40,Colorado,Pueblo,Lexus,LX,JN1BY0AP8AM870086,2073.28
41,Alabama,Mobile,Dodge,Ram 1500,1FTWF3D5XAE230503,1725.77
42,Indiana,Fort Wayne,Infiniti,G,WA1DMAFP0FA559366,2012.75
43,Colorado,Denver,Mitsubishi,Outlander,3C4PDCBBXFT993313,4069.6
44,Indiana,Terre Haute,Eagle,Talon,WBA3B1C54EP347573,3683.98
45,Colorado,Greeley,Kia,Sorento,WBAUC7C5XAV208400,6905.61
46,Indiana,Indianapolis,Ford,Aerostar,WBADS334X3G723360,7958.02
47,Alabama,Mobile,Ferrari,599 GTB Fiorano,1G6KE54Y11U361452,9398.31
48,Alabama,Birmingham,Mercury,Grand Marquis,WAUUL98E67A143260,5583.11
49,Indiana,Indianapolis,Nissan,GT-R,WBAUP93549V849747,6737.13
50,Alabama,Mobile,Dodge,D250 Club,WVGEF9BPXDD543109,4872.52
51,Alabama,Gadsden,Mitsubishi,Cordia,WUADUAFG4CN761415,7272.33
52,Colorado,Boulder,Plymouth,Breeze,1GYFC66808R546476,2373.8
53,Alabama,Birmingham,Cadillac,XLR,3VW1K7AJ0BM041160,8481.99
54,Alabama,Birmingham,Lexus,RX,KMHHT6KD1CU712314,3263.6
55,Kentucky,Louisville,Volkswagen,Cabriolet,WAUSH78E36A390960,8298.66
56,Indiana,Terre Haute,Mazda,Mazdaspeed 3,3D73Y3CL1AG637205,7251.48
57,Indiana,Fort Wayne,Mazda,MX-3,JTDBT4K36A1344359,3095.78
58,Kentucky,Lexington,Infiniti,I,WAU32AFDXFN455356,9439.09
59,Kentucky,Lexington,Chrysler,PT Cruiser,SAJWA4DCXFM414084,832.01
60,Indiana,Indianapolis,Mazda,323,WBAKE5C50CE282336,2282.22
61,Massachusetts,Newton,Chevrolet,Express 1500,WAUBF78E88A872669,6306.28
62,Colorado,Littleton,Chevrolet,Colorado,WAUBNAFB7AN396809,2880.24
63,Indiana,Evansville,Jeep,Cherokee,1FTEW1C86FF318557,3961.56
64,Colorado,Denver,Toyota,Corolla,JTDKTUD32DD492296,2092.7
65,Colorado,Colorado Springs,Maserati,Quattroporte,1FT7W2A65EE489952,9692.37
66,Alabama,Montgomery,Ford,F350,2C3CCABG8FH914557,3706.15
67,Massachusetts,Springfield,Chevrolet,Express 3500,WAU4GBFB2BN086626,4098.08
68,Indiana,Indianapolis,BMW,6 Series,WBAHL83566D743101,8578.27
69,Colorado,Pueblo,Lexus,LS,WAUGFBFCXEN787217,886.09
70,Alabama,Mobile,GMC,Yukon XL 2500,WUAPV54B73N531585,794.0
71,Massachusetts,Worcester,Chevrolet,Silverado 1500,1G6KA5EYXAU750536,259.57
72,Indiana,Crawfordsville,Oldsmobile,Alero,KMHTC6AD9DU462303,624.76
73,Alabama,Montgomery,Subaru,Forester,1G6DL5E3XD0904892,3020.87
74,Massachusetts,Boston,Ford,F-Series Super Duty,WAUFMBFC2EN742094,6508.12
75,Alabama,Tuscaloosa,Toyota,Avalon,WAUEKAFB9BN267011,6079.4
76,Massachusetts,Springfield,Dodge,Ram Van B350,1G4GF5G39EF341004,6502.92
77,Alabama,Montgomery,GMC,3500,3N1CN7AP4EL214263,1407.05
78,Kentucky,Louisville,Toyota,Previa,1GKS1KE02ER376359,581.65
79,Indiana,Indianapolis,Lincoln,MKS,WAUDGBFL7AA528430,6858.07
80,Indiana,Evansville,Porsche,968,WAUHF98P16A530758,2851.35
81,Colorado,Aurora,Geo,Metro,1N6AA0EC2FN332616,223.59
82,Indiana,Evansville,Jaguar,S-Type,WAUNE78P98A478583,5027.9
83,Alabama,Huntsville,Ford,Flex,4T1BF1FK3EU772462,7515.33
84,Colorado,Grand Junction,Pontiac,Solstice,WBASN2C56AC016830,5797.45
85,Kentucky,Lexington,Volvo,V90,4T1BK1EB7EU562623,1238.8
86,Kentucky,Lexington,Porsche,911,2V4RW3DG7BR011736,7184.93
87,Indiana,Lafayette,Jeep,Cherokee,1N6AA0CA6BN702526,8541.27
88,Kentucky,Louisville,Chrysler,Concorde,YV4940BZ2D1245273,3316.53
89,Colorado,Aurora,Nissan,240SX,SCFAD22363K882720,6196.53
90,Kentucky,Lexington,Toyota,Yaris,SAJWJ1CD4F8426507,6172.67
91,Massachusetts,Boston,Isuzu,Hombre,WAUDF48H77A744438,8151.26
92,Indiana,South Bend,Mercedes-Benz,C-Class,WBSWD93578P722135,7008.33
93,Colorado,Fort Collins,GMC,Sierra 1500,JN1AZ4EH5FM922266,111.75
94,Kentucky,Louisville,Nissan,Versa,3D4PH5FV7AT250687,20.38
95,Alabama,Tuscaloosa,Nissan,Xterra,WAUUL78E25A635236,4273.73
96,Alabama,Birmingham,Land Rover,Discovery,WBAPH735X9A675818,898.06
97,Alabama,Birmingham,Saturn,Astra,1FMEU2DE6AU510268,9749.69
98,Kentucky,Louisville,Mercury,Grand Marquis,JH4DC54875S847002,5295.48
99,Alabama,Montgomery,Cadillac,DTS,1GTN1TEHXFZ070175,1180.72
100,Alabama,Mobile,Chevrolet,G-Series G10,5N1AR2MM6EC297165,4073.2
101,Alabama,Birmingham,Ford,E150,WAUPEAFM3DA745340,629.03
102,Indiana,Jeffersonville,Oldsmobile,Bravada,WVWAB7AJ8CW927344,8855.52
103,Indiana,Indianapolis,Jaguar,X-Type,1G6DA1ED7B0009655,2040.86
104,Alabama,Montgomery,Chevrolet,Avalanche 2500,5UXFG4C50AL414348,6874.62
105,Kentucky,Louisville,Porsche,944,1G6AB5SA1F0622281,9761.31
106,Colorado,Denver,Dodge,Ram 1500 Club,WAU2GAFC0EN673549,2170.94
107,Massachusetts,Waltham,Subaru,Impreza WRX,4T1BK1EBXFU296953,5302.81
108,Alabama,Birmingham,Mercedes-Benz,SLK-Class,WAULT68EX5A508658,5008.61
109,Indiana,Indianapolis,Chevrolet,Corvette,3C4PDCABXET997619,2977.61
110,Indiana,Bloomington,Mitsubishi,Mirage,5LMJJ2J53EE989633,5458.06
111,Indiana,Indianapolis,Nissan,Pathfinder,KNADH4A30A6986605,5948.92
112,Massachusetts,Boston,Volkswagen,Scirocco,JHMZE2H70ES952755,1566.11
113,Alabama,Montgomery,Dodge,Stratus,5GAKRAED7CJ101911,8392.38
114,Colorado,Englewood,Acura,RL,WAULV94E18N382561,7189.34
115,Alabama,Birmingham,Chevrolet,Silverado 3500,4T1BF1FKXEU388131,9970.9
116,Kentucky,Louisville,Saab,900,WBA3V7C56EJ312210,5626.98
117,Colorado,Colorado Springs,Land Rover,Discovery,1FMJK1JT8FE057855,7295.55
118,Alabama,Birmingham,Infiniti,J,SCBZB25E61C298767,4182.69
119,Massachusetts,Boston,Pontiac,Firebird,SCBBR93W278218314,519.59
120,Massachusetts,Boston,Pontiac,LeMans,2T1KU4EE4BC517058,9365.67
121,Colorado,Denver,Mazda,626,3GYVKMEF9AG607686,2562.39
122,Indiana,Indianapolis,Chrysler,300M,1G4GA5EC7AF953021,1008.93
123,Indiana,Fort Wayne,Nissan,Stanza,WBAVB13536K447719,1572.67
124,Colorado,Denver,Lamborghini,Murciélago,3C3CFFARXFT024740,5407.03
125,Massachusetts,Newton,Buick,Park Avenue,WAUKF78E66A532160,5782.37
126,Alabama,Huntsville,Land Rover,Freelander,JTEBU5JR4F5773682,9803.53
127,Alabama,Birmingham,Chevrolet,G-Series G30,WBA3B1G58FN543524,7925.13
128,Kentucky,Louisville,Nissan,Altima,WAUEF98E58A755334,6792.38
129,Indiana,Indianapolis,Toyota,Camry Hybrid,WVGAV7AX8CW718211,719.07
130,Indiana,Indianapolis,Lotus,Esprit,KMHTC6AD5CU705975,6206.81
131,Indiana,Indianapolis,Mercury,Villager,WAUHE98P19A143490,9639.37
132,Kentucky,Louisville,Panoz,Esperante,2T2BC1BA5FC249089,4166.67
133,Indiana,Indianapolis,Dodge,Dakota Club,KMHGC4DE4AU011821,1073.98
134,Colorado,Colorado Springs,Mitsubishi,Lancer Evolution,WVGEF9BP5ED079647,6467.63
135,Colorado,Denver,Chevrolet,Corvette,JN1CV6EK0FM881721,2797.79
136,Alabama,Tuscaloosa,Infiniti,EX,5TDBY5G17ES073495,6387.45
137,Indiana,Evansville,Buick,LeSabre,5FRYD4H60FB682779,5875.07
138,Massachusetts,Springfield,Porsche,911,KL4CJASB3EB808721,338.14
139,Colorado,Denver,Chevrolet,Express 2500,1GYFK56279R794461,9543.71
140,Colorado,Littleton,Volkswagen,New Beetle,2C4RDGBG4DR684285,7063.9
141,Colorado,Aurora,Audi,RS 6,1HGCR2E73FA070701,446.1
142,Kentucky,Frankfort,Hyundai,Veloster,1G6DM1E38D0259293,5425.34
143,Alabama,Mobile,MINI,Cooper Countryman,19UUA75597A798676,7698.17
144,Colorado,Arvada,Chrysler,PT Cruiser,5J6TF1H50FL899042,2808.29
145,Alabama,Birmingham,Mitsubishi,Galant,5N1AN0NW2DN909042,8205.59
146,Colorado,Colorado Springs,Lincoln,Blackwood,JN8AZ2KR7DT869043,7614.12
147,Indiana,Evansville,Chevrolet,Silverado 2500,VNKKTUD39FA487284,1349.07
148,Kentucky,Lexington,Ford,F-350 Super Duty,WBSDX9C50DJ300719,4168.74
149,Massachusetts,Newton,Chevrolet,Sportvan G30,3TMJU4GN0DM248186,6910.22
150,Alabama,Mobile,Lexus,ES,19XFB4F37EE640069,7531.27
151,Alabama,Birmingham,GMC,Yukon XL 2500,5UXWX9C57F0173524,4960.93
152,Indiana,Indianapolis,Aston Martin,DB9 Volante,JM1NC2LF4C0061977,9928.34
153,Indiana,Lafayette,Chevrolet,Metro,5UMCN93422L947569,9558.29
154,Massachusetts,Lynn,Mercedes-Benz,S-Class,WDDEJ7EB0EA938870,1510.05
155,Colorado,Grand Junction,Nissan,350Z,WA1DGAFE5CD717202,8116.82
156,Colorado,Fort Collins,Land Rover,Defender,3VWJX7AJ7AM801259,9864.3
157,Alabama,Tuscaloosa,Volkswagen,Golf,1N4AL2AP6CN135807,4281.58
158,Kentucky,Lexington,Lamborghini,Gallardo,1G6AT5S36E0963088,1184.83
159,Kentucky,Lexington,Mitsubishi,Montero,WP1AE2A22CL035591,9915.39
160,Massachusetts,Lynn,Oldsmobile,Aurora,3C4PDDGG3FT850746,5005.7
161,Kentucky,Louisville,Subaru,Justy,5FRYD4H25GB521729,2767.87
162,Colorado,Pueblo,Audi,A4,WAUDH74F66N188937,822.57
163,Colorado,Aurora,Mazda,MPV,WUADNAFG9AN406024,479.74
164,Colorado,Denver,Mazda,MPV,1GD022CGXCZ554818,6339.26
165,Indiana,Fort Wayne,Chevrolet,Corvette,2FMHK6DT6AB538814,2816.19
166,Indiana,Gary,Jaguar,X-Type,WA1CMAFE7CD520388,1659.42
167,Alabama,Birmingham,Dodge,Caravan,3D73Y3CLXAG277903,5922.56
168,Colorado,Littleton,Mitsubishi,Mighty Max,1G4GG5E38DF024264,5169.77
169,Alabama,Gadsden,Lexus,GS,WAUWMAFCXFN672565,2832.91
170,Kentucky,Louisville,Pontiac,Bonneville,WAUHFBFL8BN823888,5555.97
171,Massachusetts,Worcester,Subaru,Tribeca,JTHBL5EF9B5082146,2107.87
172,Massachusetts,Boston,Ford,Mustang,WDDEJ7EB3EA677332,1386.09
173,Massachusetts,Boston,Acura,RL,2C4RDGEGXER770889,1838.22
174,Colorado,Aurora,BMW,330,WBAFU7C58BC038542,2432.1
175,Alabama,Montgomery,Aston Martin,DBS,5N1AA0NC0BN508457,434.46
176,Alabama,Birmingham,Isuzu,Hombre Space,1G6AB5RX5D0983522,8730.0
177,Kentucky,Louisville,Isuzu,Trooper,JN1CV6EK3CM687860,425.03
178,Massachusetts,Lynn,Subaru,Legacy,WVGEF9BP4FD438732,4540.72
179,Kentucky,Lexington,Cadillac,DeVille,WAUPN94E89N670645,865.16
180,Indiana,Indianapolis,Dodge,Durango,KNADN5A38F6454024,5022.87
181,Colorado,Arvada,Jaguar,XK,3VW507AT8FM577580,1286.08
182,Indiana,Jeffersonville,Ford,E350,1HGCP2E70BA095751,7788.43
183,Kentucky,Louisville,Ford,Bronco II,WBAPH7C55AE977479,9351.66
184,Colorado,Colorado Springs,Acura,RSX,JH4CL96807C961243,6581.3
185,Colorado,Greeley,Pontiac,Trans Sport,1G4PR5SK8F4921184,154.1
186,Kentucky,Lexington,Chevrolet,S10,WDDPK4HA3FF541388,5663.22
187,Colorado,Littleton,Volkswagen,Fox,WBAAV534X1J371709,5485.62
188,Indiana,Indianapolis,Mercedes-Benz,W201,WBAYA6C53DD195436,2613.63
189,Massachusetts,Boston,Pontiac,G6,1FTEW1CM2DF624259,5352.35
190,Kentucky,Louisville,Subaru,B9 Tribeca,WA1LMAFE2AD960483,1203.7
191,Kentucky,Louisville,Volkswagen,Eurovan,WBABD53436P460923,6382.83
192,Colorado,Boulder,Porsche,Cayenne,KMHTC6AD5EU832809,5456.3
193,Indiana,Crawfordsville,Dodge,Ram Van 2500,WBXPC9C43AW784362,2404.43
194,Colorado,Colorado Springs,Dodge,Ram Wagon B350,YV4952CF4C1817617,8407.87
195,Indiana,Fort Wayne,Audi,100,1GYS4HEFXER549887,9740.41
196,Colorado,Denver,Lincoln,Continental,WAUHF78PX7A545085,3229.54
197,Alabama,Birmingham,Fillmore,Fillmore,WBABN33482P896002,7443.65
198,Alabama,Montgomery,Infiniti,G35,SCFFDCBD1BG658048,9018.09
199,Colorado,Pueblo,Toyota,Land Cruiser,5GAKRAEDXCJ501168,7527.8
200,Alabama,Tuscaloosa,Hyundai,Elantra,SALVN2BG6EH549183,3939.44
201,Alabama,Montgomery,Ford,Contour,SCFFDABE9CG317950,5432.23
202,Indiana,Evansville,Buick,Skyhawk,2C3CA5CV2AH272159,8757.36
203,Massachusetts,Cambridge,Ford,Econoline E250,ML32A3HJ0EH031457,9814.36
204,Massachusetts,Brockton,GMC,Sierra 3500,YV126MFK7F1559436,2996.51
205,Kentucky,Louisville,Mazda,Navajo,5XYKT3A11BG448737,5704.61
206,Colorado,Boulder,Ford,E150,1G6DV5EP7E0683167,6350.36
207,Indiana,Lafayette,Toyota,Sienna,WA1AGBFE4CD166379,1697.41
208,Kentucky,Lexington,Dodge,Ram 1500,2T1BURHE2EC968387,3997.77
209,Massachusetts,Springfield,BMW,600,2C3CCAGG5CH342724,5774.98
210,Colorado,Englewood,MINI,Cooper,WAUJFAFH0CN396019,5976.43
211,Alabama,Montgomery,Volkswagen,GTI,19UUB2F37FA002258,3178.65
212,Kentucky,Frankfort,Hyundai,Tiburon,4T1BD1FK2DU120386,952.5
213,Kentucky,Migrate,Mercedes-Benz,C-Class,2T1BURHE2FC260612,3859.02
214,Indiana,Indianapolis,Mercury,Mariner,YV140MAK7F1920777,7877.21
215,Colorado,Aurora,Land Rover,Range Rover,WAUEH94F06N702703,7177.99
216,Alabama,Montgomery,Toyota,Sequoia,4USDU53507L269435,3864.45
217,Kentucky,Lexington,Volvo,XC90,1FMJK1H52BE183808,7267.99
218,Alabama,Birmingham,Chevrolet,Caprice,2T2BK1BA4FC386866,6731.57
219,Colorado,Colorado Springs,Kia,Spectra,WBAEH13486C204181,2531.93
220,Alabama,Birmingham,Audi,4000s Quattro,2T1BURHE4FC985127,869.16
221,Colorado,Aurora,Chevrolet,Impala SS,JM1NC2LF9D0396413,6376.4
222,Massachusetts,Boston,Jaguar,S-Type,JN1BY1PP5FM918549,6067.51
223,Kentucky,Lexington,Nissan,Quest,1GD01ZEG8BF237953,9350.23
224,Massachusetts,Springfield,Subaru,Impreza WRX,3C4PDDAG8ET081863,4098.99
225,Alabama,Tuscaloosa,Ford,Windstar,4T1BD1EB9DU015393,2496.07
226,Alabama,Huntsville,Isuzu,Trooper,VNKJTUD39FA075524,7290.62
227,Indiana,Indianapolis,Acura,MDX,SAJWA2GTXEM553999,250.42
228,Colorado,Arvada,Dodge,Ram 3500,WAUXG74F19N166087,6367.49
229,Alabama,Birmingham,Toyota,Tundra,3D7JV1EP2AG416183,5191.98
230,Colorado,Colorado Springs,Land Rover,Range Rover,WDDGF4HB7EG728624,7474.6
231,Colorado,Aurora,Mercedes-Benz,R-Class,WA1VMAFE1ED664627,3965.24
232,Alabama,Huntsville,Mazda,B-Series,WBAAX13473P061617,7657.73
233,Indiana,Indianapolis,Mazda,626,WAUZL64B51N212309,4975.23
234,Colorado,Colorado Springs,Chevrolet,Suburban,4JGBF2FE6AA037406,3020.27
235,Colorado,Denver,Volkswagen,Cabriolet,19XFA1E3XAE782980,6087.66
236,Kentucky,Migrate,Lexus,RX Hybrid,JA32X8HW7CU136066,4178.34
237,Massachusetts,Boston,Dodge,Durango,WVGFF9BP1BD108772,5481.06
238,Colorado,Colorado Springs,Chevrolet,G-Series 1500,WAUAFAFL3EA692716,7091.0
239,Colorado,Fort Collins,Buick,Special,JH4CL96997C254022,168.06
240,Indiana,Indianapolis,Porsche,Cayenne,1G6DD1E35E0025999,5584.69
241,Alabama,Mobile,Ford,Aspire,WAUFFAFL7EA525474,6996.26
242,Indiana,Indianapolis,Chrysler,Pacifica,1FTEW1CM9DF352096,7498.61
243,Indiana,Indianapolis,Nissan,Murano,1G6KY54911U189634,5872.81
244,Massachusetts,Boston,Dodge,Intrepid,SAJWA0EX9E8757745,7142.25
245,Colorado,Colorado Springs,Isuzu,Trooper,5N1BA0ND2FN165069,3782.46
246,Kentucky,Louisville,Volvo,S80,WA1YL64B84N778347,6474.71
247,Massachusetts,Boston,Alfa Romeo,164,KMHFG4JG2EA628986,9886.1
248,Alabama,Montgomery,Dodge,Magnum,3GYFNDEY5AS224967,1926.93
249,Indiana,Indianapolis,Pontiac,GTO,KNADH4A32B6780803,134.7
250,Indiana,Fort Wayne,Mitsubishi,Lancer Evolution,1G6AA5RA3F0974707,9188.92
251,Colorado,Pueblo,Toyota,Camry,WBAVA33528K997091,1495.92
252,Indiana,Indianapolis,Toyota,Sienna,1GYS4DEF5DR888421,2894.09
253,Kentucky,Louisville,Nissan,240SX,WUAGL78EX6A636008,1393.14
254,Kentucky,Louisville,Volvo,S80,SCBGC3ZA6EC365939,1223.44
255,Massachusetts,Boston,Cadillac,Seville,WAUPEAFM0BA572163,1340.74
256,Massachusetts,New Bedford,BMW,5 Series,WAULT58E55A321242,6553.12
257,Kentucky,Louisville,Toyota,T100,WAUXL58E44A445177,7665.21
258,Indiana,South Bend,Hyundai,Accent,SCFHDDAJ9BA150015,8289.54
259,Massachusetts,Cambridge,Lexus,LS,3C6TD5NT4CG277369,579.37
260,Kentucky,Louisville,Volkswagen,Golf,WBAVB735X7P950218,7304.16
261,Indiana,Fort Wayne,Mercury,Mariner,3N1CN7AP9EK734402,2397.95
262,Alabama,Birmingham,Pontiac,Gemini,JH4CU2F64BC218516,7491.82
263,Alabama,Mobile,Subaru,Outback,TRUTC28N941658809,5956.88
264,Indiana,Indianapolis,Mitsubishi,Diamante,WAUGL98E35A087496,5326.59
265,Alabama,Mobile,Ford,F250,19UUA9E52EA874067,2360.28
266,Alabama,Birmingham,Jeep,Cherokee,JTHBK1EGXA2103025,2639.98
267,Alabama,Huntsville,Chevrolet,Sportvan G30,WAUFGAFC5EN049568,3414.6
268,Alabama,Birmingham,Volvo,XC90,WBA6B8C5XED130259,8148.64
269,Colorado,Arvada,Infiniti,Q,2T1BURHE1FC959844,9797.13
270,Colorado,Boulder,Cadillac,Fleetwood,WAUWFBFL4CA721195,3698.98
271,Indiana,Indianapolis,Mercedes-Benz,300SE,1N4AB7AP4DN359272,3626.35
272,Colorado,Aurora,Mitsubishi,Galant,5UXXW5C55F0260936,3775.11
273,Massachusetts,Springfield,Suzuki,Forenza,5N1AN0NU5CN065463,5765.41
274,Colorado,Pueblo,Dodge,Caliber,5BZAF0AA2EN811559,2958.1
275,Alabama,Birmingham,Volvo,S80,WP0AA2A96AS535611,803.78
276,Alabama,Birmingham,Chevrolet,Silverado,JN1CV6EK6AM111645,6207.53
277,Alabama,Tuscaloosa,Dodge,Caliber,1N6AA0CA5CN534279,9119.87
278,Colorado,Colorado Springs,Mazda,B-Series Plus,3C63D3GLXCG671914,6640.0
279,Alabama,Montgomery,Chevrolet,Express 2500,1G4HP54K414255733,4648.07
280,Alabama,Anniston,Toyota,Avalon,4T3BA3BB4DU140446,9857.89
281,Alabama,Birmingham,Mercedes-Benz,SLK55 AMG,ML32A3HJ7FH569705,1515.41
282,Indiana,Evansville,Pontiac,G5,1FTSW3B58AE062281,4199.95
283,Alabama,Mobile,Nissan,Frontier,JN8AE2KP1E9166174,312.54
284,Indiana,Indianapolis,GMC,Sierra 2500,4A31K3DT4AE906500,4660.66
285,Kentucky,Louisville,Isuzu,i-370,5N1AR2MM4FC848694,9443.09
286,Massachusetts,Lynn,Cadillac,Seville,JTDKDTB38E1825517,3443.93
287,Indiana,Evansville,Lincoln,Town Car,1GYFC56229R290588,9628.77
288,Indiana,Evansville,BMW,7 Series,WAUGGAFR1DA757444,6157.65
289,Massachusetts,Boston,Mazda,929,1HGCR2E3XFA555558,8875.87
290,Indiana,South Bend,Mitsubishi,Lancer Evolution,KMHGC4DD8DU518846,4218.51
291,Indiana,Evansville,GMC,Rally Wagon 2500,1FTEW1C80FF722129,1658.62
292,Alabama,Montgomery,Pontiac,Sunbird,5N1AR2MM5FC970108,8016.22
293,Alabama,Birmingham,Lexus,GS,KM8JT3AF9EU572552,9892.01
294,Kentucky,Frankfort,BMW,X6,5N1AN0NU9EN486198,6644.71
295,Indiana,South Bend,Subaru,Outback,1FTMF1E86AF713971,8634.18
296,Colorado,Pueblo,Chevrolet,Suburban 1500,5J6TF1H36CL491610,5796.45
297,Massachusetts,Boston,Lexus,GS,3G5DA03E83S016103,3625.19
298,Colorado,Colorado Springs,Ford,F350,WBABD33406P790393,9572.66
299,Colorado,Denver,Kia,Soul,WBAYP9C57ED695651,4420.73
300,Colorado,Denver,Isuzu,Space,WBAEU33462P192753,3427.73
301,Kentucky,Louisville,Plymouth,Prowler,WBAUL735X9V006278,926.39
302,Indiana,Fort Wayne,Chevrolet,Tahoe,WBAUL7C57BV651671,9872.24
303,Colorado,Denver,Dodge,Dakota,1G6DW67V580056115,6964.56
304,Alabama,Mobile,Ford,Ranger,19UYA41773A982385,2184.26
305,Indiana,Terre Haute,Infiniti,QX,19UUA567X3A714640,7731.61
306,Indiana,Indianapolis,Acura,TSX,5N1AN0NW0DN459200,4971.65
307,Colorado,Colorado Springs,Subaru,Brat,JM1GJ1U54F1173997,128.67
308,Indiana,Gary,Ford,Escort,JTDJTUD30DD803252,2366.88
309,Colorado,Denver,Infiniti,M,1C4RDHAGXFC663394,7048.68
310,Colorado,Aurora,Geo,Metro,JN8AZ2KR3DT037988,8099.62
311,Indiana,Fort Wayne,Ford,Probe,TRUVD38JX91327382,3980.55
312,Indiana,Gary,Pontiac,GTO,1FTSW3B57AE744620,3666.74
313,Indiana,Indianapolis,Honda,Accord,WBAUP93518V516131,299.29
314,Alabama,Mobile,Daewoo,Nubira,JTHBB1BA3B2242639,4644.15
315,Indiana,Indianapolis,Toyota,Camry,19UUB3F73FA244716,6698.18
316,Colorado,Denver,Mercedes-Benz,E-Class,5NPE24AFXFH345476,7076.85
317,Kentucky,Lexington,Pontiac,Firebird,5N1AA0NC7DN423585,8226.58
318,Colorado,Denver,Ford,Tempo,1GYS4KEF6DR703507,9490.45
319,Kentucky,Louisville,Volvo,V70,3FADP4AJ9BM646400,9564.31
320,Indiana,Evansville,Mercury,Sable,KMHCM3AC7AU459494,7802.31
321,Indiana,Crawfordsville,Toyota,Venza,WAUDH98E17A933910,6539.73
322,Colorado,Littleton,Saab,9000,WBAYA8C58DC677465,1279.06
323,Indiana,Indianapolis,Hyundai,Genesis,1GYS3AEF3CR695877,4332.32
324,Massachusetts,Boston,Buick,Regal,1FAHP3DN9AW729446,6374.47
325,Colorado,Denver,Volkswagen,Jetta,WAUCFAFC8EN747579,3191.13
326,Alabama,Birmingham,Ford,F-Series Super Duty,1GYS3GEF0CR325022,7277.43
327,Kentucky,Louisville,Ford,Fusion,1G6KP5ES5BU742145,9668.85
328,Alabama,Tuscaloosa,Cadillac,Escalade ESV,WA1CMAFE8CD967280,522.34
329,Colorado,Denver,Mitsubishi,Pajero,KMHHU6KJ7FU769074,531.61
330,Alabama,Huntsville,Lexus,GS,5FPYK1F42CB208598,4231.15
331,Massachusetts,Brockton,Nissan,Frontier,WAUJC68E52A333903,6467.69
332,Massachusetts,Newton,Pontiac,Grand Am,1N6AD0CU0CC717683,160.62
333,Alabama,Montgomery,Pontiac,6000,5GAER23798J204948,495.43
334,Massachusetts,Newton,Jeep,Grand Cherokee,KNALN4D77E5806888,338.53
335,Colorado,Colorado Springs,Geo,Tracker,3N1AB6AP3CL254809,5091.72
336,Colorado,Colorado Springs,Acura,RDX,1YVHZ8BH2D5439486,5360.22
337,Colorado,Colorado Springs,Hyundai,Accent,3LN6L2LU1ER368511,70.68
338,Indiana,Lafayette,Toyota,Tacoma Xtra,YV1672MC4DJ999870,7253.21
339,Colorado,Arvada,Ford,Ranger,1N6AF0LX2FN153323,8183.57
340,Indiana,Indianapolis,Chrysler,300,JH4CU2F67EC548901,1786.93
341,Kentucky,Louisville,Lincoln,Zephyr,19XFB2F53DE998077,592.05
342,Massachusetts,Boston,Volvo,S80,2T1KE4EE9CC448088,6420.46
343,Indiana,Terre Haute,Dodge,Dakota,19UUA65534A883888,3163.27
344,Colorado,Boulder,Ford,Crown Victoria,SCBLC47J19C296042,5702.35
345,Kentucky,Lexington,Buick,Lucerne,3N1CN7AP1DL273267,1002.22
346,Colorado,Denver,Volkswagen,Touareg,WAUVT68EX3A652443,9725.88
347,Indiana,Evansville,Chevrolet,Express 1500,SAJWA4EC5DM352377,9745.05
348,Colorado,Denver,Buick,Terraza,WAUAFAFL5FN998245,2374.62
349,Massachusetts,Boston,Porsche,Cayman,1G6DN8EV7A0979929,2314.64
350,Colorado,Boulder,GMC,Rally Wagon 3500,WAUJC58E72A303926,6802.48
351,Alabama,Anniston,GMC,Vandura G3500,5GAKRDED6CJ318108,7977.4
352,Colorado,Pueblo,Alfa Romeo,164,WAUAFAFL1EA952594,6746.72
353,Colorado,Denver,Toyota,Tercel,WAUAF78E95A781854,4719.97
354,Colorado,Aurora,Mercedes-Benz,SL-Class,19UUA66236A062989,9046.43
355,Massachusetts,Cambridge,Buick,Century,WAUWFAFL8BA742852,2789.36
356,Indiana,Terre Haute,Chrysler,Aspen,1B3CB5HA6AD953325,6821.58
357,Alabama,Mobile,Nissan,Frontier,WAUKH94F46N976215,4870.53
358,Massachusetts,Boston,Hyundai,Santa Fe,WBA3N7C58EK865497,4205.74
359,Massachusetts,Brockton,Ford,F-Series Super Duty,SALGS2TF9FA327349,9264.58
360,Alabama,Mobile,Kia,Sorento,JTHBF5C28D5376938,6492.66
361,Kentucky,Louisville,Ford,Thunderbird,WBS3C9C50FJ249930,8170.69
362,Massachusetts,Worcester,Mazda,MX-5,WBAUP93599V834242,2062.56
363,Kentucky,Louisville,GMC,Savana 1500,WAUGL78E38A078581,2059.08
364,Kentucky,Lexington,Aston Martin,V12 Vantage,WAUJT64B64N681944,3105.72
365,Colorado,Denver,BMW,X3,WAURD68D61A657979,3631.12
366,Colorado,Colorado Springs,Dodge,Ram 2500 Club,1GYS4AKJ0FR370596,8907.46
367,Indiana,Fort Wayne,Nissan,Quest,WBA3C3C50FP078403,4160.21
368,Alabama,Mobile,BMW,6 Series,2T1BU4EE2DC255804,5616.56
369,Colorado,Pueblo,Acura,RDX,WAUKFAFL7CN728577,7475.52
370,Alabama,Birmingham,Mazda,B-Series Plus,2FMPK3K91FB131606,1799.91
371,Colorado,Denver,Audi,TT,KMHTC6AD3FU966123,7935.46
372,Massachusetts,Boston,Volvo,C70,WBAKF3C54CJ218633,5003.09
373,Kentucky,Louisville,Chrysler,Town & Country,WAUVT68E94A744922,1226.44
374,Colorado,Boulder,Toyota,Corolla,1GYFC23269R031816,1782.57
375,Colorado,Littleton,GMC,Yukon XL 2500,3D7TP2CT6AG289625,9368.65
376,Massachusetts,Worcester,Dodge,Ram Van 3500,2G4GR5GX2F9502605,4688.07
377,Indiana,Fort Wayne,Suzuki,Verona,KMHFC4DF7BA417647,5148.6
378,Indiana,Indianapolis,Toyota,Matrix,19UUA8F27DA516167,1366.73
379,Colorado,Colorado Springs,Chevrolet,Malibu,1G4PR5SK0F4304992,4784.95
380,Massachusetts,Brockton,Mercedes-Benz,S-Class,WDDLJ7DB2CA392451,4951.99
381,Massachusetts,Brockton,Isuzu,Rodeo Sport,3D4PG9FG0BT609780,155.8
382,Indiana,Fort Wayne,MINI,Cooper Clubman,WUARL48H76K870148,3041.13
383,Colorado,Denver,Audi,S4,1G6DM57N530331961,1834.3
384,Colorado,Denver,Mitsubishi,Montero Sport,1N6AF0LY6EN220027,1556.17
385,Massachusetts,Boston,Toyota,Sequoia,WBAEJ13472A605876,92.92
386,Colorado,Denver,Bentley,Brooklands,WBACK73451L535384,889.23
387,Alabama,Mobile,Chevrolet,Cavalier,1G4PT5SV2D4909086,2444.12
388,Indiana,Muncie,Lamborghini,Murciélago,JH4KB16587C028812,2203.49
389,Kentucky,Lexington,Mercedes-Benz,SL-Class,WUAGNAFG0BN000194,354.49
390,Indiana,Evansville,Ford,Econoline E250,JM1NC2LF8E0310350,3400.54
391,Colorado,Colorado Springs,Buick,Reatta,3C3CFFDR5DT352222,4177.59
392,Colorado,Englewood,Mazda,Mazda3,WAUFGAFC1EN335644,6214.13
393,Colorado,Denver,Mazda,Miata MX-5,JM1DE1KYXD0827151,3696.84
394,Massachusetts,Brockton,Suzuki,Esteem,1G6YX36D165598141,1424.3
395,Indiana,Fort Wayne,Chevrolet,Avalanche,1FMJU1G53AE160435,2219.0
396,Kentucky,Lexington,GMC,Envoy XL,WAUWFAFR1AA600605,6640.53
397,Colorado,Greeley,GMC,Yukon,KNALN4D79F5933210,8365.31
398,Colorado,Aurora,Ford,Escort,19XFA1E59BE460656,2756.62
399,Indiana,Indianapolis,Mercury,Mariner,2G4WS52J831519602,4372.87
400,Colorado,Littleton,Nissan,Quest,1NXBU4EE9AZ829714,3592.73
401,Massachusetts,Boston,Infiniti,M,WAUGU44D53N701208,8966.23
402,Colorado,Denver,Audi,R8,WAUKD98P76A207889,9767.71
403,Alabama,Birmingham,BMW,7 Series,JHMZF1D61ES595154,3365.51
404,Colorado,Arvada,Nissan,Sentra,WAUSH74F68N144916,7890.16
405,Indiana,Indianapolis,Bentley,Continental GTC,4JGCB2FE0CA182590,8899.53
406,Indiana,Evansville,BMW,Z4,WDDEJ7HB3AA463916,3864.52
407,Massachusetts,Waltham,Mitsubishi,Truck,1GTN2TEH1FZ703093,9538.51
408,Alabama,Huntsville,Pontiac,Grand Prix Turbo,1G4HC5EM4BU717558,6515.27
409,Kentucky,Frankfort,GMC,Yukon XL 2500,WAU2MAFC3EN620983,924.08
410,Colorado,Denver,Ford,Taurus,1G4GF5E30CF867019,2586.99
411,Massachusetts,New Bedford,Mitsubishi,Galant,WAUXL68E45A251109,3221.08
412,Alabama,Montgomery,Saturn,Outlook,2HNYD2H33CH976821,5596.7
413,Colorado,Aurora,Oldsmobile,88,1G4GE5G33CF571797,5388.01
414,Massachusetts,Cambridge,Nissan,Rogue,2G4GU5GV9C9032985,6440.36
415,Kentucky,Migrate,Dodge,Ram 1500 Club,WBS3C9C50FP933289,9496.52
416,Alabama,Birmingham,Rolls-Royce,Phantom,1FTSW3B57AE097278,3491.59
417,Colorado,Denver,Chrysler,LHS,1G6DE1E34E0194957,6591.06
418,Kentucky,Louisville,Audi,A4,KNAFT4A2XB5133117,1652.47
419,Kentucky,Louisville,Hyundai,Santa Fe,SALVP1BG9EH100522,5703.33
420,Alabama,Huntsville,Mercedes-Benz,CL-Class,TRUDD38J981772061,4135.3
421,Indiana,Evansville,Chevrolet,Venture,2T2BK1BA9EC213780,9420.53
422,Alabama,Mobile,Kia,Sportage,WA1EY94LX9D015273,1536.82
423,Colorado,Colorado Springs,Ford,F250,5N1AT2MK0FC789983,226.17
424,Kentucky,Louisville,Dodge,Omni,WDDGF4HBXDF291125,4370.4
425,Indiana,Indianapolis,Chevrolet,G-Series G20,WAUMK98K59A663073,7247.87
426,Alabama,Montgomery,Plymouth,Grand Voyager,JH4DC54876S498313,2106.9
427,Indiana,Evansville,Mazda,Familia,1G4GE5GV3AF357598,5169.04
428,Colorado,Pueblo,Mercedes-Benz,C-Class,WBA4B1C56FD695253,737.1
429,Colorado,Colorado Springs,Chevrolet,Suburban 2500,2FMHK6DT1AB112819,1777.83
430,Kentucky,Lexington,Land Rover,Discovery,4USBT33443L081372,8366.06
431,Alabama,Mobile,Honda,Accord,1G6AJ5S35D0907938,4282.94
432,Indiana,Fort Wayne,Dodge,Viper,SCBGH3ZA2EC431291,4475.56
433,Colorado,Denver,Scion,xD,WBAKC6C5XAC552483,993.98
434,Kentucky,Lexington,Chevrolet,G-Series 3500,1FTEX1E80AK031788,158.29
435,Kentucky,Frankfort,Mazda,626,WA1EV74L88D157391,8507.28
436,Indiana,Indianapolis,Cadillac,Escalade,WBA3C3C52EK458628,1341.8
437,Massachusetts,Boston,BMW,X3,1C3CDZAB5EN485675,5129.31
438,Indiana,Fort Wayne,Infiniti,QX56,JN1AZ4EH8BM304580,4733.0
439,Alabama,Birmingham,Chevrolet,S10,3C4PDCAB3FT600625,4930.59
440,Indiana,Fort Wayne,Mitsubishi,Mighty Max,1G6AB5SA0F0339242,6178.48
441,Indiana,Fort Wayne,GMC,Yukon XL 2500,19UUA765X7A217491,6062.51
442,Colorado,Colorado Springs,GMC,Sierra 3500,JTDKN3DPXE3729258,6299.38
443,Massachusetts,Boston,Cadillac,Escalade EXT,WAUDF68E15A334376,5883.31
444,Colorado,Denver,Toyota,RAV4,1D7RV1GT9BS379527,1475.14
445,Indiana,Indianapolis,Pontiac,Daewoo Kalos,JN1AJ0HP5AM692773,6849.89
446,Indiana,South Bend,Audi,RS 4,5N1CR2MN0EC844559,6853.09
447,Kentucky,Louisville,BMW,Z4,JM3TB2BV1D0206209,4252.1
448,Indiana,Indianapolis,Chrysler,Concorde,5J8TB4H50EL031111,8237.31
449,Alabama,Birmingham,Chevrolet,Avalanche 2500,JH4CW2H5XCC478869,9188.2
450,Alabama,Birmingham,Porsche,914,JH4KB16578C321599,5940.51
451,Alabama,Montgomery,GMC,1500 Club Coupe,WAUKF98E18A321611,7335.87
452,Alabama,Montgomery,Porsche,944,KNDPB3ACXF7399339,3009.78
453,Colorado,Littleton,Pontiac,Grand Prix Turbo,JH4DC53843S102769,4037.31
454,Indiana,Fort Wayne,BMW,5 Series,5UXFB53546L113125,5210.77
455,Massachusetts,Boston,Hyundai,HED-5,1VWAS7A3XFC609343,8422.46
456,Colorado,Pueblo,Isuzu,Ascender,5TFBY5F13AX642400,4861.04
457,Colorado,Littleton,Mazda,Protege,1GYS4KEF6ER895416,331.41
458,Colorado,Denver,GMC,Yukon Denali,1G6DG8E52D0094875,1523.09
459,Massachusetts,Worcester,Nissan,Maxima,WA1LMAFE5BD425715,5543.36
460,Colorado,Grand Junction,Ford,Fusion,3VW4S7AT0EM771184,4030.41
461,Alabama,Huntsville,Lamborghini,Diablo,KNAGM4AD8F5583020,2148.32
462,Alabama,Mobile,Toyota,RAV4,19UYA42502A851312,403.52
463,Colorado,Denver,GMC,Sierra 3500,5N1CR2MM1EC474066,9262.31
464,Alabama,Huntsville,Oldsmobile,98,WAUCFAFC1DN244281,9844.72
465,Alabama,Montgomery,Audi,A8,5N1AN0NW2DN327782,9857.25
466,Alabama,Mobile,Jeep,Comanche,WBAUP93589V314257,7021.71
467,Indiana,Gary,Ford,E250,5N1AR1NB6AC322891,8674.05
468,Alabama,Mobile,Ford,Mustang,5TFCW5F1XBX553225,3873.14
469,Kentucky,Louisville,Mercedes-Benz,300E,KNAFX6A83F5478628,3310.91
470,Indiana,Fort Wayne,GMC,1500,WVGAV7AX2FW227783,2750.09
471,Alabama,Birmingham,Saturn,Outlook,5N1AA0NC5DN237124,5201.52
472,Kentucky,Lexington,Buick,Park Avenue,3VWML7AJXDM526175,3725.19
473,Indiana,Bloomington,Maybach,62,1FTEX1E89AK095764,931.66
474,Colorado,Arvada,Porsche,911,WVGEF9BP9DD461145,226.82
475,Indiana,Fort Wayne,Ford,Escort ZX2,1N6AD0CU2FN075489,3947.1
476,Massachusetts,Boston,Nissan,Titan,SCFFDABMXDG653924,6366.06
477,Kentucky,Louisville,Audi,RS 4,1D7RV1CP4BS513482,7334.24
478,Alabama,Mobile,Lamborghini,Gallardo,3VWML7AJXDM552856,1452.6
479,Colorado,Denver,Citroën,SM,WBA3B3C51EF862919,3768.3
480,Colorado,Denver,Ford,Aerostar,WA1MYAFE6AD479497,9977.39
481,Massachusetts,Springfield,Ford,Probe,WBANU53558C044422,5014.72
482,Alabama,Huntsville,Infiniti,I,3C63D3NL3CG521212,8531.97
483,Massachusetts,Watertown,Ford,E-350 Super Duty Van,WAUUL58E75A535170,5343.02
484,Alabama,Birmingham,Chrysler,PT Cruiser,WBALZ5C55CC358069,7614.38
485,Alabama,Tuscaloosa,Pontiac,Torrent,5FNRL5H27BB811459,7223.16
486,Indiana,Crawfordsville,Chevrolet,Express 3500,1G6KD57YX8U546026,9541.8
487,Alabama,Birmingham,Toyota,Highlander,1G4GC5ER3CF580271,8735.56
488,Alabama,Birmingham,Buick,Century,SCFFDAAE1CG057416,7560.64
489,Colorado,Denver,Subaru,Forester,WAUPEAFM2DA083931,1647.08
490,Indiana,Anderson,Acura,RL,WAUDG74F95N972806,2291.18
491,Colorado,Littleton,Smart,Fortwo,ML32A3HJ7FH151323,250.41
492,Massachusetts,Springfield,Chrysler,PT Cruiser,WA1DGBFE6CD123496,5982.52
493,Colorado,Denver,GMC,1500 Club Coupe,WAUSH74FX8N448900,192.09
494,Indiana,Crawfordsville,Mitsubishi,Montero Sport,SALGS2TF4FA297712,4496.41
495,Indiana,Indianapolis,Ford,Ranger,3C6TD5GTXCG254515,9360.15
496,Alabama,Tuscaloosa,Volvo,S40,WAUWFAFRXEA829502,2319.65
497,Kentucky,Lexington,Pontiac,Sunfire,JN8AF5MRXCT939544,3578.08
498,Indiana,Fort Wayne,Lincoln,Continental,1GD120EG0BF551948,6128.56
499,Colorado,Colorado Springs,Buick,Regal,W04GZ5GV2B1835804,7596.93
500,Colorado,Denver,Toyota,Camry,1FTFW1E86AK513964,3997.75
501,Indiana,Indianapolis,Lincoln,MKX,WAUHE98P09A160104,9661.8
502,Kentucky,Louisville,Buick,Skyhawk,WAUFEAFM8AA725026,8734.56
503,Colorado,Colorado Springs,Jeep,Grand Cherokee,WAUAC48H25K487787,7905.86
504,Indiana,Evansville,Acura,RL,2HNYD28507H678525,4056.12
505,Kentucky,Louisville,Isuzu,Rodeo,WAUMR94E48N399315,9504.76
506,Colorado,Fort Collins,Buick,Regal,WAUDT94F95N262330,5596.01
507,Alabama,Montgomery,Toyota,Sequoia,5UXKR6C55F0953982,594.18
508,Massachusetts,Waltham,Buick,LeSabre,WVWAN7AN2EE465527,9627.68
509,Colorado,Denver,Chrysler,Pacifica,1GTG5BE37F1677127,7634.55
510,Alabama,Birmingham,Hyundai,Genesis Coupe,WBA3C3C5XEF312602,1853.16
511,Colorado,Pueblo,Mitsubishi,Endeavor,KNAFU5A25B5731358,5198.96
512,Indiana,Indianapolis,Cadillac,XLR,1FAHP2D89EG786119,8383.27
513,Kentucky,Lexington,MINI,Cooper,1FTEX1C83AF974530,4927.59
514,Colorado,Denver,Chevrolet,Sportvan G30,5N1AN0NU3AC979378,319.71
515,Indiana,Indianapolis,Ford,Escort,1N6AD0CW4FN038669,6157.82
516,Kentucky,Louisville,Toyota,Tacoma Xtra,SAJWA0JH3EM800143,7939.97
517,Colorado,Denver,Toyota,4Runner,3N1CE2CP5EL697746,5697.04
518,Massachusetts,Worcester,Lexus,LS,WAUGN94F49N863562,1379.35
519,Indiana,Gary,Acura,TL,1G4HP54K214732093,7782.29
520,Indiana,Indianapolis,Maybach,62,JN8AZ1MU7AW407037,7865.43
521,Indiana,Indianapolis,Mitsubishi,Precis,5UXZV4C53D0041945,5948.84
522,Alabama,Mobile,MINI,Cooper,JN1CV6EK7CM058053,9202.96
523,Indiana,Fort Wayne,Lamborghini,Gallardo,2C3CDXBG6FH822010,6358.3
524,Indiana,Evansville,Chevrolet,Express 3500,WBADW3C5XDJ742718,3104.23
525,Massachusetts,Boston,Hyundai,Tiburon,1C3CCBHG1CN770110,3780.23
526,Massachusetts,Watertown,Pontiac,LeMans,WBAUP93559V051452,2189.37
527,Alabama,Birmingham,Ford,F250,WBA5M0C52ED326638,5123.68
528,Alabama,Birmingham,Ford,Econoline E250,SCFAD01A85G823985,6007.58
529,Colorado,Colorado Springs,Lexus,IS F,1GD02ZCG6BZ581893,1609.85
530,Indiana,South Bend,Nissan,Altima,WA1CGAFP2EA678635,4187.74
531,Colorado,Denver,Isuzu,Ascender,1J4RG4GK5AC412572,8978.14
532,Colorado,Colorado Springs,BMW,7 Series,1C4RJEAGXFC609925,1409.76
533,Indiana,South Bend,Dodge,Magnum,1FTEW1CM1EK902514,6930.66
534,Alabama,Gadsden,Volkswagen,Jetta III,WA1CKBFP7AA762481,7105.19
535,Massachusetts,Boston,Ford,Taurus,WBA3N7C51EK169337,1626.5
536,Kentucky,Lexington,Jaguar,S-Type,JN1CV6EK3BM759803,2968.58
537,Kentucky,Migrate,Cadillac,Fleetwood,WBAWV13577P296349,4658.35
538,Massachusetts,Brockton,Chrysler,Sebring,1GYEE637560811380,9270.56
539,Colorado,Boulder,Volkswagen,Golf,KNADM4A35D6003630,1839.22
540,Massachusetts,Boston,Ford,E150,WVWGU9AN5BE551404,7831.47
541,Alabama,Huntsville,Jaguar,XK,5GNRNGEE7A8591856,5446.28
542,Colorado,Denver,Cadillac,CTS,KMHFG4JG7FA896417,9519.77
543,Alabama,Birmingham,Pontiac,Firefly,5TFCM5F15AX069516,1186.97
544,Massachusetts,New Bedford,Subaru,Tribeca,WVWED7AJ5BW185852,7713.3
545,Kentucky,Louisville,Mercury,Grand Marquis,2C3CA6CT1BH850581,9270.01
546,Massachusetts,Boston,Audi,A7,1FTSW3A57AE164723,6522.28
547,Kentucky,Louisville,Honda,CR-X,WBAHN03528D727685,3143.67
548,Indiana,Indianapolis,Acura,NSX,3D4PH9FG3BT007534,1484.61
549,Alabama,Mobile,Buick,Park Avenue,W04GV5EV9B1468947,2438.7
550,Indiana,Indianapolis,Chevrolet,Camaro,WBAKG1C58CJ170412,8088.05
551,Alabama,Montgomery,Mercedes-Benz,SLS AMG,1G6KE57YX2U184462,5818.42
552,Alabama,Mobile,Maybach,62,WAUGGBFC8CN741783,3486.57
553,Indiana,Fort Wayne,Jeep,Grand Cherokee,3C63DRBLXCG683412,8409.98
554,Kentucky,Louisville,Chevrolet,3500,1N6AA0CC0DN623910,117.86
555,Alabama,Birmingham,Mitsubishi,Eclipse,3MZBM1K72EM728210,6976.41
556,Colorado,Colorado Springs,Dodge,Shadow,1G6DA8E54C0400202,8614.61
557,Alabama,Mobile,Suzuki,X-90,1D4RE3GG3BC832594,9327.32
558,Indiana,Indianapolis,Subaru,Tribeca,1GYS3HEF5DR395395,4866.86
559,Colorado,Denver,BMW,5 Series,2B3CK4CV3AH020201,3354.23
560,Kentucky,Louisville,Subaru,Legacy,WAUGFAFR4BA349827,5009.95
561,Massachusetts,Springfield,Mercedes-Benz,GLK-Class,1G6KD57996U150420,2806.02
562,Alabama,Birmingham,Chrysler,New Yorker,SAJWA6E73E8087418,3593.01
563,Kentucky,Louisville,Chevrolet,Lumina,1D7RV1CP5AS660540,9653.95
564,Indiana,Indianapolis,Pontiac,Fiero,WAUMFAFL7BN010650,9748.58
565,Colorado,Arvada,Buick,Park Avenue,SCBLC31E62C361379,6123.25
566,Colorado,Boulder,Ford,F450,YV1902FH1D1388852,3019.99
567,Colorado,Boulder,Mitsubishi,Galant,WAULF98K89N557306,9790.21
568,Massachusetts,Boston,Nissan,Maxima,WBA3T1C51FP384112,1667.26
569,Colorado,Denver,Dodge,Dakota,JM3TB2MA5A0959649,5376.85
570,Indiana,Fort Wayne,Chevrolet,Express 1500,SAJWA1CZXE8495678,3158.85
571,Colorado,Boulder,Lincoln,Blackwood,WBAWC73518E396274,1542.57
572,Kentucky,Louisville,Pontiac,Grand Prix,WAUMFAFL2AN267388,9201.95
573,Massachusetts,Springfield,Ford,F-Series,5TFAW5F19EX671651,8938.7
574,Kentucky,Lexington,Ford,Econoline E250,5GALVAED6AJ856495,8986.44
575,Alabama,Mobile,Acura,RL,1GT022CG7EF983259,2753.48
576,Massachusetts,Boston,Toyota,4Runner,JH4CU25619C507767,7736.74
577,Kentucky,Lexington,Volkswagen,Jetta,1N6AA0EC8EN279757,2943.77
578,Indiana,Indianapolis,Pontiac,Firebird,WBSBL93486P270072,2468.11
579,Colorado,Boulder,MINI,Cooper Countryman,5UXZV4C58BL282752,8961.75
580,Indiana,Fort Wayne,Ford,F150,1FAHP2D85DG261735,3935.36
581,Massachusetts,Boston,Nissan,Xterra,WBA3A5C51CF813148,5787.33
582,Colorado,Littleton,Ford,Bronco II,WDDGF4HB5DA372532,1011.37
583,Massachusetts,New Bedford,Acura,TL,5FRYD4H62GB293465,8357.11
584,Colorado,Denver,Dodge,Ram 2500 Club,4T1BF3EK7BU725993,855.71
585,Colorado,Englewood,Pontiac,6000,WA1WMBFE4CD924168,2686.37
586,Indiana,Indianapolis,Jaguar,XJ Series,SALAC2D46CA785118,2824.36
587,Indiana,Indianapolis,Volkswagen,Routan,WAUMGAFL3EA314695,8582.88
588,Colorado,Colorado Springs,Honda,Prelude,5N1AT2MK8EC495326,4769.21
589,Indiana,Indianapolis,Lexus,GX,1G6AC1RX7F0156517,8637.17
590,Alabama,Mobile,Chevrolet,Aveo,19UYA42481A992876,1475.25
591,Alabama,Mobile,Honda,Civic Si,JH4KB16607C639877,2567.87
592,Massachusetts,Boston,Dodge,Stealth,WAUKF78E78A254730,3801.09
593,Indiana,South Bend,Subaru,Brat,1G6AF5S34D0339196,6316.24
594,Indiana,South Bend,Honda,Accord,JH4CL96814C740875,5011.37
595,Alabama,Birmingham,Aston Martin,V8 Vantage S,WBSPM93589E926167,4565.48
596,Indiana,Indianapolis,Ford,E-Series,1FTEX1CM7CF625743,5805.24
597,Massachusetts,Boston,GMC,Savana 2500,5FNYF3H41FB840423,9381.7
598,Kentucky,Louisville,Volkswagen,Eurovan,5J8TB3H36DL871739,475.51
599,Alabama,Mobile,Buick,Hearse,WAUKF78E86A622765,6768.12
600,Indiana,South Bend,Pontiac,LeMans,5LMJJ2J58EE987523,2985.13
601,Alabama,Birmingham,Chrysler,Cirrus,KMHGH4JH0FU630424,1019.71
602,Colorado,Aurora,Nissan,Altima,WAUMGAFL7DA066403,8862.18
603,Alabama,Montgomery,Chevrolet,Silverado,5UXFG83519L185990,8714.54
604,Massachusetts,Worcester,Toyota,RAV4,WAUKH94F47N398196,6611.1
605,Kentucky,Louisville,Mitsubishi,Pajero,SCFFDECN8CG662697,7457.23
606,Indiana,Indianapolis,BMW,X5 M,WBAPT735X8C105609,2106.28
607,Kentucky,Lexington,MINI,Cooper,4T3BA3BB8CU638776,4956.36
608,Kentucky,Louisville,Isuzu,Hombre Space,JN1BJ0HP3DM524056,6482.7
609,Colorado,Colorado Springs,Mazda,Millenia,JTJBC1BA9B2890885,6608.03
610,Alabama,Mobile,Jaguar,XK Series,JHMZE2H50DS337166,6247.07
611,Indiana,Evansville,Kia,Sephia,1FTEW1E86AF435187,15.67
612,Colorado,Pueblo,Hyundai,Santa Fe,WBANB33575B891745,7790.91
613,Indiana,Evansville,Ford,Contour,4T1BK1EB5FU416948,1227.05
614,Kentucky,Louisville,Oldsmobile,Intrigue,WBAYE8C57DD344916,7994.92
615,Colorado,Aurora,BMW,M3,WBA3G7C52EK675186,4977.26
616,Indiana,Indianapolis,Mercury,Cougar,WBAFA535X1L646848,9285.74
617,Kentucky,London,Buick,Estate,WBAFV3C58FD175163,1093.21
618,Massachusetts,Cambridge,Honda,Element,W04GV5EV7B1144671,3593.48
619,Colorado,Arvada,Kia,Rio,WBA4C9C58FD879413,80.8
620,Indiana,Terre Haute,Toyota,T100,1G6AJ5S36E0571962,5606.96
621,Massachusetts,Boston,Bentley,Mulsanne,WAUKGBFB9BN915537,7682.63
622,Alabama,Huntsville,BMW,X5,2G61S5S32F9727130,4631.97
623,Indiana,Fort Wayne,Porsche,911,TRUXD38J391652917,7471.63
624,Alabama,Mobile,Maserati,GranTurismo,1N6AA0CJ6FN224789,9217.3
625,Colorado,Boulder,Suzuki,Esteem,1FTEX1CM6DF560692,3369.14
626,Massachusetts,Boston,Infiniti,QX,KMHGH4JHXCU877221,1572.81
627,Alabama,Birmingham,Lotus,Exige,1FTMF1EW4AF505165,9461.42
628,Colorado,Pueblo,Kia,Sportage,1N6AA0CC7CN270998,2806.31
629,Colorado,Boulder,Oldsmobile,Alero,WA1DVAFE6AD648541,7391.84
630,Colorado,Aurora,Mazda,626,SCFEBBAK6CG031536,8058.42
631,Kentucky,Louisville,GMC,Savana 3500,JM1NC2JF9B0321176,1908.47
632,Massachusetts,Boston,Ford,Escape,3C6TD5GT8CG138696,3272.7
633,Indiana,Indianapolis,Audi,TT,WA1LFAFP8FA687392,8502.31
634,Alabama,Mobile,Hummer,H3,1HGCR2E7XDA250223,5652.11
635,Colorado,Colorado Springs,Nissan,200SX,WBA3G7C52EF487020,3350.31
636,Colorado,Denver,Maybach,62,3C4PDCEG1DT529380,5687.91
637,Indiana,Evansville,Honda,Civic,1HGCR2F3XDA851577,3604.9
638,Alabama,Birmingham,Jeep,Commander,WBXPA73495W995310,9948.66
639,Indiana,Indianapolis,Volkswagen,GLI,1C3CCBCG8EN330735,9319.4
640,Colorado,Englewood,Pontiac,Bonneville,KMHTC6AD8CU205860,7570.34
641,Colorado,Denver,Cadillac,Escalade,2G4GN5EX0E9903986,4515.59
642,Massachusetts,Springfield,Ford,Freestyle,TRUDD38J991305093,262.73
643,Massachusetts,Boston,Cadillac,Seville,WBALL5C56EJ641113,8985.86
644,Alabama,Birmingham,Dodge,Ram 3500,WBA3B1G5XEN576121,9600.66
645,Colorado,Denver,Mercedes-Benz,E-Class,JN8AZ2KR0AT285062,2373.72
646,Alabama,Montgomery,Buick,Roadmaster,5N1AN0NU0EN291834,6414.73
647,Massachusetts,Newton,Land Rover,Range Rover,WAUDF58E95A844551,241.66
648,Massachusetts,Worcester,Pontiac,Grand Prix,1G6KD57Y58U275246,1204.24
649,Colorado,Denver,Scion,xB,WBAPM5G54BN936658,7152.34
650,Kentucky,Louisville,Honda,Odyssey,1N4AB7APXEN561227,4199.04
651,Alabama,Anniston,Ford,F250,1GYUCKEF8AR544061,9319.99
652,Massachusetts,Newton,Mitsubishi,Mighty Max Macro,WBAUU3C51AA253464,3719.48
653,Massachusetts,Woburn,Mercury,Milan,JHMGE8G38BC438098,8359.53
654,Massachusetts,New Bedford,Volkswagen,rio,WAUDL64F25N168059,2765.82
655,Indiana,Crawfordsville,Chevrolet,Tahoe,2G61L5S39E9395957,2833.6
656,Massachusetts,Springfield,Hyundai,Entourage,5UXFG43518L175581,721.51
657,Colorado,Denver,Volvo,C70,WBAFR9C58DC579297,2972.51
658,Alabama,Mobile,Pontiac,6000,1GTG5BE30F1738804,3366.71
659,Indiana,Fort Wayne,Ford,Explorer,3FAHP0CG1CR605937,6869.34
660,Alabama,Mobile,Mitsubishi,Pajero,2B3CK9CV9AH910053,4182.0
661,Indiana,Evansville,Nissan,Quest,JTHBL5EF0F1730762,1498.99
662,Massachusetts,Woburn,Saturn,L-Series,WA1LFBFP1CA645938,2538.28
663,Alabama,Mobile,Toyota,Camry Hybrid,KMHFG4JG2DA196916,4402.49
664,Colorado,Littleton,Subaru,Impreza,1FTWX3D55AE619305,9489.09
665,Colorado,Aurora,GMC,Sonoma,KM8JT3AF2EU090442,784.4
666,Alabama,Mobile,Volkswagen,Golf,WA1LKAFP6AA981054,380.36
667,Colorado,Colorado Springs,Ford,F-Series Super Duty,WAUKGBFB2AN905141,1037.67
668,Colorado,Colorado Springs,Honda,Accord,1FTEX1CV9AF767484,4146.92
669,Kentucky,Lexington,Hyundai,Veracruz,WAUKH78E26A354211,0.14
670,Kentucky,Lexington,Mercedes-Benz,E-Class,WBAPK5C52AA678934,6616.56
671,Alabama,Birmingham,Land Rover,Discovery,JA32U1FU1AU083296,9252.81
672,Indiana,Anderson,BMW,5 Series,WDDNG7BB3BA443058,5047.45
673,Colorado,Denver,Land Rover,Freelander,3G5DA03E34S260579,1036.23
674,Colorado,Arvada,Plymouth,Colt Vista,1N4AL2AP9BC163773,1959.33
675,Massachusetts,Watertown,Audi,A8,19XFB4F2XEE372383,7429.71
676,Kentucky,Louisville,Toyota,Corolla,WBAUT9C59CA215568,1883.5
677,Indiana,Indianapolis,Toyota,Tundra,WAULF78K19N797155,9651.64
678,Colorado,Denver,Buick,Regal,1C3BCBGG7CN809117,1417.91
679,Massachusetts,Boston,Pontiac,Bonneville,3VW517AT0FM200576,4351.91
680,Colorado,Denver,Chevrolet,Impala,JN8AS5MT9CW935541,7953.72
681,Indiana,Muncie,Suzuki,Forenza,1G4HP54K03U037646,7245.22
682,Alabama,Birmingham,Volkswagen,Corrado,JM3TB2CV1F0263236,5221.59
683,Colorado,Denver,Infiniti,JX,SAJWA2GZ1E8968559,2277.94
684,Kentucky,Louisville,Mercedes-Benz,E-Class,SCFAD01A65G740538,6166.78
685,Alabama,Birmingham,Mazda,RX-7,JTHCL5EF8F5705492,7567.36
686,Colorado,Colorado Springs,Pontiac,Grand Prix,JTEBW3EHXA2907895,5969.0
687,Kentucky,Louisville,Saturn,L-Series,3VWKX7AJ3AM172300,6774.05
688,Kentucky,Lexington,Mercedes-Benz,S-Class,JN1CV6EKXBM425624,6219.01
689,Alabama,Mobile,Toyota,Corolla,WBAYM1C58FD185174,1551.28
690,Indiana,Indianapolis,Dodge,Journey,1G6AE5S33E0793511,7915.84
691,Indiana,Fort Wayne,Ford,Freestar,WDBSK7AA1CF748131,658.48
692,Indiana,South Bend,Isuzu,Oasis,JTDKTUD39ED178064,4213.08
693,Kentucky,Migrate,Mercury,Mountaineer,WAUEH94F08N909174,782.9
694,Kentucky,Louisville,Nissan,Pathfinder,1FTEW1E84AK392508,6098.61
695,Colorado,Pueblo,Mazda,626,WAUBFAFL9CA555362,6864.09
696,Massachusetts,Boston,Audi,S4,5N1AA0ND5FN234557,1761.06
697,Alabama,Anniston,Chevrolet,Impala,3C4PDCAB1FT496314,221.27
698,Alabama,Birmingham,Rolls-Royce,Phantom,1G6DA1E31D0802573,4213.21
699,Alabama,Birmingham,GMC,Savana 2500,1N4AA5AP2DC837790,79.6
700,Colorado,Colorado Springs,Ford,Courier,WBABN53461J911450,2282.1
701,Kentucky,Lexington,Isuzu,Rodeo,WAUCVAFR0AA709112,5858.27
702,Massachusetts,Boston,Cadillac,DeVille,WVGFF9BP1BD627854,7450.41
703,Kentucky,Lexington,Suzuki,Grand Vitara,WAULT68E52A941851,7012.09
704,Kentucky,Louisville,Kia,Sportage,JN1AZ4EH9EM745994,8797.54
705,Alabama,Birmingham,Infiniti,IPL G,WBAEV33463K153642,9282.16
706,Massachusetts,Brockton,Volkswagen,R32,WBAWV135X9P933849,7012.72
707,Colorado,Denver,Mercedes-Benz,E-Class,KNDPB3AC0F7396031,5393.6
708,Indiana,South Bend,Audi,A4,JHMFA3F2XBS045471,9894.31
709,Indiana,Indianapolis,Chevrolet,Monte Carlo,WBAKF9C50DE922583,2397.78
710,Massachusetts,Springfield,Volkswagen,Golf,ZFBCFACH4FZ344196,4476.13
711,Indiana,Lafayette,Toyota,MR2,1N6AF0LX4EN347169,770.87
712,Massachusetts,Springfield,Daewoo,Leganza,WBAPL5G55BN336783,8338.34
713,Kentucky,Lexington,Chrysler,300,WBAUC9C51DV573158,6277.91
714,Kentucky,Migrate,Lincoln,MKX,JHMZF1C61ES306615,1121.4
715,Massachusetts,Worcester,Lincoln,Navigator,WAUYGAFC2DN543989,9823.4
716,Colorado,Boulder,Dodge,Daytona,JTDKDTB37F1588343,5337.84
717,Indiana,Evansville,Mitsubishi,Precis,2C3CCAJG3DH314267,4539.3
718,Indiana,Indianapolis,Lexus,ES,WAUFGAFC9EN142710,638.59
719,Colorado,Denver,Oldsmobile,Achieva,KMHEC4A45DA161722,1310.68
720,Kentucky,Lexington,Volvo,S40,3VWJX7AJ1AM135550,7979.16
721,Kentucky,Louisville,Subaru,Legacy,WP0AA2A92BS303945,7207.23
722,Colorado,Denver,Cadillac,Escalade,WUADUAFG9F7491929,865.76
723,Colorado,Denver,Lexus,SC,KNADM4A35D6396383,9473.01
724,Colorado,Boulder,Pontiac,Bonneville,1N4AB7AP0DN055467,6486.39
725,Colorado,Colorado Springs,Dodge,Intrepid,5UXWX9C5XF0863560,4254.17
726,Massachusetts,Worcester,Chevrolet,Aveo,YV4952BL2E1846866,5349.55
727,Kentucky,Lexington,Nissan,Maxima,4T1BF3EK6BU458801,2746.92
728,Colorado,Pueblo,Chevrolet,Avalanche,JTEBU5JR3F5208985,2420.67
729,Colorado,Denver,Toyota,Tundra,4JGCB2FE5BA605744,1841.5
730,Massachusetts,Worcester,Kia,Sedona,1FTSW3B55AE914358,4096.02
731,Indiana,Anderson,Chevrolet,Corvette,3D7TT2CT8AG828175,8813.05
732,Alabama,Mobile,Saab,9-3,WAUGGAFR0EA050787,5715.7
733,Colorado,Colorado Springs,Ford,Tempo,JN8AZ1FY3EW114760,8391.26
734,Colorado,Englewood,Honda,Civic GX,3GTXCYEJXAG775246,850.36
735,Massachusetts,Worcester,Oldsmobile,88,1FMCU4K36AK006416,9813.34
736,Massachusetts,Worcester,Isuzu,Hombre,2C3CDXCT9FH872363,7965.07
737,Massachusetts,New Bedford,Subaru,Leone,1NXBE4EE6AZ100518,0.94
738,Alabama,Mobile,Acura,TL,SALWG2WFXEA777874,9565.19
739,Alabama,Anniston,Toyota,MR2,WA1BY74L47D905269,3026.77
740,Colorado,Denver,Chevrolet,Monza,1GYS3JEF6DR011518,5007.66
741,Colorado,Denver,Mercedes-Benz,CL-Class,SCFEDCAD3CG216046,2444.11
742,Massachusetts,Springfield,Mercedes-Benz,E-Class,JN1AJ0HP1BM981814,1408.94
743,Kentucky,Lexington,Dodge,Grand Caravan,WAUDG68E15A619656,510.74
744,Indiana,Fort Wayne,Toyota,Sequoia,WBAPK7C57BA958572,6622.89
745,Kentucky,Louisville,Infiniti,J,SCFAB02A16G834154,841.51
746,Massachusetts,New Bedford,BMW,M3,1LNHL9EK0FG470419,813.05
747,Massachusetts,Newton,Subaru,Outback,WVWAN7AN1EE596755,6550.57
748,Colorado,Littleton,Ford,Econoline E250,3D7TT2CT8AG425491,8132.38
749,Kentucky,Lexington,Suzuki,XL-7,WBADS33473G895684,2140.57
750,Alabama,Huntsville,Mercedes-Benz,CL-Class,WAUFFAFL0CA509873,165.45
751,Indiana,South Bend,BMW,3 Series,3D73Y4HL9AG688756,8526.64
752,Kentucky,Louisville,Volkswagen,Cabriolet,1N6AF0KY0FN626632,2853.86
753,Indiana,Indianapolis,Porsche,911,WAUMF68P76A021531,5853.48
754,Alabama,Birmingham,Jaguar,S-Type,JN1AV7AP9FM606461,32.73
755,Colorado,Denver,Mercedes-Benz,C-Class,JM1DE1HY3B0834916,376.64
756,Kentucky,Louisville,Toyota,Tacoma,1FTEX1CW3AK409149,7864.66
757,Alabama,Montgomery,Maserati,GranTurismo,1GYS3DEF6ER335491,870.62
758,Indiana,Gary,Lexus,LX,1G4GD5EG8AF481812,6339.34
759,Alabama,Montgomery,Chevrolet,Caprice Classic,1N4AB7APXDN821401,3092.42
760,Indiana,Fort Wayne,Buick,Lucerne,WAUWMAFC6EN041133,246.39
761,Colorado,Colorado Springs,Toyota,Celica,1FTSX2A59AE550275,5677.64
762,Colorado,Denver,Land Rover,Range Rover,2C3CCAPT9CH817868,299.28
763,Massachusetts,Springfield,Chevrolet,Camaro,SAJWA4DC0AM444817,5832.84
764,Alabama,Montgomery,Suzuki,Esteem,JN1CV6FE4DM513371,6945.26
765,Massachusetts,Boston,Cadillac,Escalade,WBAVC73587A743455,2270.85
766,Colorado,Denver,Ford,Crown Victoria,1GD12ZCG5BF884413,1930.15
767,Colorado,Denver,Dodge,Caravan,3C63DRHL2CG857156,3470.06
768,Colorado,Colorado Springs,Infiniti,EX,1FMEU2DE1AU885145,6027.65
769,Indiana,Indianapolis,Acura,TL,3VW507ATXFM391278,9485.28
770,Indiana,Jeffersonville,Volkswagen,Touareg,1D7CW3BK7AS536676,2039.99
771,Massachusetts,Boston,Mercedes-Benz,SL-Class,JN8AS5MT3DW517039,7285.12
772,Alabama,Huntsville,Dodge,Journey,1G6KD57Y46U957452,6866.32
773,Massachusetts,Boston,BMW,3 Series,WA1CKBFPXAA889161,9013.71
774,Indiana,Fort Wayne,Dodge,Sprinter,WBADT434X1G891323,4995.72
775,Massachusetts,Newton,Subaru,Leone,2HNYD18874H150545,9827.1
776,Alabama,Montgomery,Chevrolet,2500,19VDE3F3XDE037374,9171.36
777,Kentucky,Migrate,Chevrolet,Express 2500,WAUKF78P59A563759,4188.71
778,Colorado,Colorado Springs,Mercury,Sable,YV1902AHXD1362287,7333.05
779,Indiana,Indianapolis,Land Rover,Defender,WA1CKBFPXAA908534,4489.6
780,Colorado,Denver,Toyota,Yaris,WBAPM73579A461204,5060.13
781,Colorado,Colorado Springs,Ford,Edge,1G6DH577980740123,3300.67
782,Massachusetts,Boston,Porsche,911,WA1YD64B22N292062,6742.72
783,Indiana,Fort Wayne,GMC,Yukon XL 2500,3D73Y4CL6BG098281,6961.7
784,Indiana,Indianapolis,Chevrolet,Caprice,WAULD64B74N860810,6025.46
785,Massachusetts,Worcester,Lincoln,Navigator,5J8TB4H71GL420490,373.2
786,Colorado,Englewood,Mercury,Grand Marquis,3C63D3JL0CG209032,5880.92
787,Indiana,Indianapolis,Ford,Taurus,1C4NJCBA3FD256077,9721.6
788,Indiana,Evansville,Chevrolet,Camaro,5UXFE83529L283884,3866.77
789,Indiana,Bloomington,Chevrolet,Astro,5J8TB4H37EL365795,1922.75
790,Kentucky,Louisville,Toyota,Solara,JN8AE2KP9E9316905,6263.81
791,Kentucky,London,Dodge,Ram 1500,WAUWG94F59N261520,7153.02
792,Indiana,Fort Wayne,Mazda,Tribute,WBA3V5C57EP632377,4083.06
793,Indiana,Evansville,Mercedes-Benz,S-Class,1GYS4HEF1CR919041,5184.29
794,Colorado,Colorado Springs,Ford,Club Wagon,SCBCU7ZA0BC982641,9392.49
795,Massachusetts,Newton,Ford,Thunderbird,WAUBF98E98A188421,5774.76
796,Massachusetts,Boston,Mitsubishi,Galant,2C4RDGEG4ER751495,2698.15
797,Massachusetts,Watertown,GMC,Sierra 2500,1ZVBP8AM7E5367456,7126.02
798,Alabama,Montgomery,Dodge,Ram 2500,JH4CU2F62BC224721,6686.14
799,Massachusetts,New Bedford,MINI,Clubman,1HGCP2E74AA598357,2370.5
800,Massachusetts,Boston,Chevrolet,Silverado 3500,WA1VYAFE4AD517653,5236.2
801,Colorado,Denver,Mazda,Familia,1G4GB5GRXEF642025,2306.95
802,Massachusetts,Springfield,Ford,Falcon,WAUBF78E76A601311,9064.77
803,Indiana,South Bend,Jeep,Grand Cherokee,1FTSX2A50AE711466,1152.98
804,Alabama,Birmingham,Acura,RL,1C3BC8EG9BN718175,8200.62
805,Indiana,Evansville,Mazda,Miata MX-5,2LMDJ6JK6EB608953,3577.55
806,Indiana,South Bend,Ford,F-Series,WAUXL58E04A326994,276.14
807,Massachusetts,Watertown,Jeep,Liberty,W06VR54R01R318426,9293.78
808,Massachusetts,Springfield,Porsche,Cayman,WBA3T7C50F5489416,1257.38
809,Colorado,Colorado Springs,Volkswagen,Passat,1NXBE4EE4AZ661736,7702.41
810,Alabama,Montgomery,GMC,Acadia,WVGEG9BP1CD334157,774.33
811,Colorado,Littleton,Ford,Contour,5N1AR2MM6FC838314,8619.86
812,Kentucky,Lexington,Lexus,SC,1GD322CG5EF623397,5632.47
813,Massachusetts,Boston,Land Rover,Discovery Series II,JN1BJ0HR4FM804749,3982.02
814,Indiana,Indianapolis,Nissan,Maxima,SCFFDABE2CG300729,2825.43
815,Kentucky,Lexington,Chevrolet,Uplander,WBA6A0C5XED711278,1724.02
816,Indiana,Bloomington,Saturn,S-Series,1HGCP2E38BA834202,6781.8
817,Indiana,Indianapolis,Mitsubishi,Mirage,5GADV23137D171963,6006.16
818,Indiana,Evansville,Nissan,Maxima,3D73Y4HL4BG290551,2872.82
819,Indiana,Fort Wayne,Jaguar,S-Type,2T1BU4EE2DC467831,5905.99
820,Alabama,Birmingham,Infiniti,Q,WBADS33491G446245,7911.18
821,Colorado,Denver,Dodge,Caravan,JN1AZ4EH9EM511998,8538.17
822,Massachusetts,Springfield,Jeep,Wrangler,3VW467AT4DM077147,2948.05
823,Alabama,Birmingham,Ford,Flex,WAUFFBFL0BN558472,2189.17
824,Kentucky,Lexington,GMC,Suburban 1500,2HNYD18264H846017,6567.42
825,Alabama,Birmingham,Chevrolet,Cavalier,WBA3G7C5XEK638189,5478.57
826,Colorado,Pueblo,Chevrolet,Silverado 2500,WAUPEBFM0DA863013,2536.07
827,Alabama,Montgomery,Suzuki,XL7,1G6AB5SA6E0395443,3809.18
828,Alabama,Huntsville,Infiniti,M,3D7TP2CT6BG676435,3971.02
829,Colorado,Denver,Mitsubishi,Galant,1LNHL9EK0FG249158,4189.93
830,Alabama,Montgomery,Pontiac,G8,3VW467AT8DM040361,9614.2
831,Indiana,Fort Wayne,Hyundai,Elantra,JH4CU25699C684017,632.79
832,Alabama,Mobile,Nissan,Versa,WAUEH74F86N538413,9262.76
833,Alabama,Gadsden,Lincoln,Town Car,WAUDH98E38A496011,9574.82
834,Colorado,Grand Junction,Volkswagen,Passat,WBA3B3G52EN958462,3816.14
835,Massachusetts,Woburn,BMW,645,3D73M4CLXBG796176,6620.11
836,Indiana,Evansville,Toyota,Celica,1FAHP2DW1CG572396,4604.03
837,Kentucky,Louisville,Subaru,Forester,KL4CJFSB6EB097898,3071.28
838,Kentucky,Louisville,GMC,Safari,1G6DA1E33E0640236,2127.82
839,Massachusetts,Lynn,Ford,Taurus,3VW507ATXEM264285,8843.16
840,Colorado,Colorado Springs,Volkswagen,Touareg,SCFFDCCD5AG420183,5962.79
841,Kentucky,Louisville,Lexus,GS,1B3CB3HA3BD929683,9057.91
842,Kentucky,Lexington,Mercury,Villager,KL4CJESBXEB497313,761.43
843,Colorado,Colorado Springs,Toyota,Sienna,1C3BCBFG8DN411076,8493.07
844,Colorado,Colorado Springs,Chrysler,Town & Country,WA1DGBFE8FD301333,1365.98
845,Colorado,Littleton,Dodge,Dakota Club,5FRYD4H87EB296909,3754.63
846,Kentucky,Louisville,Dodge,Dakota,WAUDGBFL2AA195909,760.66
847,Colorado,Colorado Springs,Honda,Fit,JN1CV6AP4CM895005,2540.92
848,Colorado,Colorado Springs,Ford,F150,1GT020CG1EF050977,6387.12
849,Massachusetts,Cambridge,Land Rover,Freelander,2G4G15GV7B9604529,7572.41
850,Colorado,Colorado Springs,Audi,80,1G4HD572X8U960857,1683.4
851,Massachusetts,Springfield,Audi,S8,SALFR2BN3CH508983,953.06
852,Indiana,Lafayette,Volkswagen,Golf,SCBCP73W58C424286,9738.33
853,Alabama,Gadsden,Geo,Tracker,JH4CU2F42CC584586,4147.41
854,Colorado,Denver,Land Rover,Range Rover Sport,3C6TD5JT6CG128015,4662.38
855,Colorado,Pueblo,Mercury,Grand Marquis,JH4DC54836S346237,8882.25
856,Kentucky,Louisville,Mazda,Mazdaspeed 3,WBAEV33483P940479,9080.05
857,Alabama,Mobile,Mitsubishi,Truck,1N4AL3AP6DC007988,964.44
858,Indiana,Fort Wayne,Saab,9000,WAULC58E82A201107,3686.67
859,Indiana,Indianapolis,Mercury,Cougar,1G6DL8E3XD0830469,7046.6
860,Colorado,Boulder,Lamborghini,Murciélago,5N1AN0NW4FN041595,8215.87
861,Kentucky,Lexington,GMC,Envoy,WDDHF5KB1FB404635,9690.15
862,Colorado,Greeley,GMC,Safari,WAUAFAFL6FN372428,4262.16
863,Alabama,Mobile,Suzuki,Samurai,1G6AJ1R34F0789303,9609.11
864,Kentucky,Louisville,Toyota,Corolla,2G4GS5EV5D9233504,9634.33
865,Alabama,Montgomery,Subaru,Impreza,1D4SD6GT9BC337061,4391.56
866,Alabama,Birmingham,Ford,Escort,1GD020CG1CF376691,6492.81
867,Alabama,Montgomery,Jeep,Grand Cherokee,JH4CL96828C940606,6513.01
868,Kentucky,Lexington,Ford,Econoline E350,WAUFEAFM8AA602102,5568.71
869,Kentucky,Lexington,Volvo,C70,WP1AA2A29BL643408,9691.32
870,Colorado,Aurora,Nissan,Altima,1FMJK1JTXFE443192,591.74
871,Colorado,Greeley,Kia,Rio,WBSBL93415P102532,1707.97
872,Alabama,Birmingham,Chevrolet,Corvette,2T3BF4DV9CW390715,5552.72
873,Massachusetts,Boston,Lincoln,Navigator,SCFAB42333K484396,3560.38
874,Colorado,Arvada,Mercury,Cougar,JN1CV6FE3EM255085,1093.35
875,Colorado,Grand Junction,Nissan,Frontier,4T1BK3DB4AU009130,9133.25
876,Alabama,Birmingham,Audi,Quattro,4A4JM2AS8BE593805,3664.09
877,Alabama,Montgomery,Land Rover,Range Rover,JTHBK1GG0E2758068,223.42
878,Kentucky,Louisville,Honda,Accord,KMHTC6AD5EU968020,3944.27
879,Massachusetts,New Bedford,Subaru,Brat,WBAFB33591L021777,6117.79
880,Massachusetts,Newton,Mazda,B2500,1GD422CG9EF182880,6153.23
881,Indiana,Indianapolis,Chevrolet,Express,3GYFNGE36ES252997,6761.86
882,Alabama,Birmingham,Nissan,Altima,WBAKF5C52BE633288,3842.1
883,Alabama,Birmingham,Chevrolet,Blazer,WP0AB2A87FK108420,7279.15
884,Kentucky,Louisville,Cadillac,Catera,SCFEBBCF7CG725426,4942.31
885,Indiana,Indianapolis,Lamborghini,Murciélago,3C3CFFFH6FT799701,7920.47
886,Colorado,Littleton,Jeep,Grand Cherokee,W04G15GV3B1790217,4652.36
887,Massachusetts,Boston,Toyota,Prius,1C3CDFBA6DD318900,1149.63
888,Massachusetts,Worcester,Honda,Civic,WAUSFAFL3CA053043,8114.79
889,Indiana,Indianapolis,Toyota,Camry,1N6AD0CU5FN727747,8725.91
890,Kentucky,Louisville,Toyota,Corolla,TRUTC28N061886085,3908.03
891,Colorado,Colorado Springs,Suzuki,Grand Vitara,WAUKF98E46A700793,9532.94
892,Alabama,Birmingham,Audi,A6,3D73Y3CL2BG513316,8340.32
893,Indiana,South Bend,GMC,Savana 3500,2C4RDGEG1DR046104,8412.7
894,Kentucky,Lexington,Nissan,Quest,TRURD38J881609424,3356.92
895,Indiana,Evansville,Isuzu,VehiCROSS,KMHHT6KJ3FU104496,2474.76
896,Massachusetts,Springfield,Lexus,RX,WBANW53528C961490,2236.74
897,Colorado,Aurora,Cadillac,STS,1N6AF0KY6FN708655,680.87
898,Colorado,Denver,Kia,Sorento,1C3BC6EV3AN353011,6409.58
899,Colorado,Denver,Plymouth,Grand Voyager,1G4PT5SVXE4164217,9104.28
900,Indiana,Evansville,Chevrolet,Express 1500,JTHBP5C25D5072639,1299.61
901,Kentucky,Louisville,Hyundai,Sonata,1N4AL2AP6CN242839,1872.13
902,Colorado,Colorado Springs,Subaru,Leone,WBAPM7C50AA669073,9693.79
903,Alabama,Birmingham,BMW,7 Series,1N4AA5AP6DC109471,3816.89
904,Indiana,Terre Haute,Honda,Insight,1FMCU0F75EU302303,4986.21
905,Indiana,Lafayette,Dodge,D250 Club,4T1BF1FK2FU451837,62.52
906,Indiana,Lafayette,Volvo,940,1D7RE3GK1BS493346,1719.52
907,Kentucky,Lexington,Lincoln,MKS,1G6DG5EYXB0106311,4343.88
908,Indiana,Terre Haute,Infiniti,QX56,WAUKF98E27A019677,4961.91
909,Alabama,Birmingham,Toyota,RAV4,WVGEF9BP7ED189518,3194.2
910,Alabama,Birmingham,GMC,Sonoma,JN1AZ4EH4DM557415,6931.38
911,Colorado,Colorado Springs,Dodge,Ram 1500,1G6KP5E98AU172282,9185.41
912,Indiana,Evansville,Isuzu,Rodeo,WBAUL7C50CV546584,23.58
913,Alabama,Birmingham,Chevrolet,Camaro,1N6AD0CU2AC357572,4593.5
914,Indiana,Indianapolis,Jeep,Cherokee,JTDZN3EU2D3214174,7934.52
915,Alabama,Birmingham,Ford,Taurus,WA1YL64B84N759197,8415.14
916,Massachusetts,Boston,Rolls-Royce,Phantom,WBA3A5C56EP114790,8449.16
917,Colorado,Pueblo,Audi,Allroad,SALFR2BG7FH321655,983.78
918,Indiana,Indianapolis,Pontiac,Grand Prix,1C3CCBCG9EN811481,6391.96
919,Colorado,Denver,Pontiac,Grand Prix,1C3CDFEB3ED873857,390.69
920,Alabama,Anniston,Plymouth,Voyager,WAUFGBFB1AN524284,3112.93
921,Alabama,Montgomery,Mitsubishi,Precis,WAULC58E25A746868,5300.87
922,Colorado,Denver,Acura,MDX,WBA5B1C54FD580039,7416.24
923,Alabama,Birmingham,Mazda,RX-8,WA1VMAFEXBD175560,8797.47
924,Colorado,Denver,Audi,RS4,2G4GT5GR3C9463750,3771.92
925,Indiana,Fort Wayne,Saturn,L-Series,WAUVT58E24A325725,1552.64
926,Alabama,Mobile,Chevrolet,Express 2500,JH4KB16317C847773,152.45
927,Massachusetts,Newton,Nissan,Quest,19UUA76557A053793,4821.57
928,Colorado,Denver,Scion,tC,WA1LFAFP4CA963806,3820.53
929,Colorado,Boulder,Corbin,Sparrow,WAUVFAFR1BA337013,369.04
930,Colorado,Colorado Springs,Mercury,Cougar,SAJWA6AT1F8653385,5342.65
931,Alabama,Birmingham,Dodge,D350 Club,JHMZF1C68DS021831,4958.16
932,Indiana,Evansville,Buick,LeSabre,WBADR63463G647357,2511.25
933,Colorado,Denver,Ford,LTD Crown Victoria,3C4PDCGB7FT216452,3425.59
934,Alabama,Mobile,Nissan,300ZX,JHMZF1D41DS382976,5172.59
935,Indiana,Evansville,Honda,Odyssey,1FTMF1EW4AF562546,7233.9
936,Massachusetts,Boston,Ford,Expedition,3N1AB7AP5FL706544,7676.21
937,Alabama,Mobile,Dodge,Sprinter,WBA5B3C5XFD068426,6563.87
938,Massachusetts,Worcester,Land Rover,Range Rover,WBAEN33492P021394,7122.11
939,Alabama,Montgomery,Maybach,62,WAUKD78P36A157495,4704.85
940,Colorado,Denver,Lotus,Exige,WA1EV94L88D886065,8137.02
941,Indiana,Fort Wayne,Mercury,Mountaineer,5N1BA0NE2FN454381,9659.43
942,Indiana,Fort Wayne,Toyota,Tacoma,1G6AH5R38F0347983,7791.4
943,Alabama,Birmingham,Toyota,Tacoma Xtra,1G6DC5EG9A0311328,872.65
944,Alabama,Mobile,Mazda,RX-7,NM0GE9F73F1406864,509.8
945,Alabama,Tuscaloosa,Audi,A8,1VWAH7A32EC026536,7608.28
946,Indiana,Terre Haute,Scion,tC,WAUFMAFC1EN381127,8825.52
947,Alabama,Birmingham,Hyundai,Veracruz,SCBZK25EX3C730277,4638.79
948,Alabama,Birmingham,Nissan,Maxima,1FTEX1E80AK437201,6315.93
949,Massachusetts,Boston,Toyota,Avalon,1B3CC4FB1AN156624,244.81
950,Kentucky,Louisville,Mercedes-Benz,SL-Class,4T1BF3EK5AU782143,1960.9
951,Kentucky,Lexington,Oldsmobile,Cutlass Supreme,YV126MFC5F2694465,2554.18
952,Alabama,Birmingham,Mercedes-Benz,C-Class,1GD312CG6CF337980,1318.86
953,Indiana,Fort Wayne,Chevrolet,3500,1FMEU8FEXAU294151,6818.98
954,Massachusetts,Boston,Mazda,Protege,5J6TF2H52EL564272,7250.97
955,Indiana,Indianapolis,Audi,R8,1GYS4DEF9DR020793,4293.74
956,Kentucky,Lexington,Saturn,L-Series,SCFEFBAC4AG268505,4489.89
957,Colorado,Colorado Springs,Mazda,Navajo,JA32U2FU8FU375900,1124.8
958,Kentucky,Lexington,Buick,Century,WBA3B5C50EP591356,4233.9
959,Indiana,Fort Wayne,Toyota,4Runner,3G5DB03L06S369886,2097.99
960,Indiana,Indianapolis,Pontiac,Montana,1GTN1TEH0FZ458094,3663.02
961,Colorado,Denver,Jaguar,X-Type,WVGAV7AX3AW596791,4812.36
962,Colorado,Colorado Springs,Isuzu,Rodeo Sport,KNALN4D73F5100650,8974.28
963,Indiana,Indianapolis,Lexus,LS,JTDKTUD36ED752524,8667.12
964,Kentucky,Frankfort,Toyota,Avalon,1G6AE5SX2E0078593,7572.67
965,Alabama,Mobile,Ferrari,F430,JA32U2FU6EU459003,8108.99
966,Massachusetts,Springfield,Mazda,Tribute,WBAAV33471F227719,5455.61
967,Colorado,Denver,Volvo,XC60,5J8TB3H55FL126677,9818.11
968,Kentucky,Louisville,Suzuki,SJ,WAUBF98EX8A224083,9962.02
969,Alabama,Tuscaloosa,Subaru,Legacy,WDDHF2EB7BA915308,2445.57
970,Colorado,Denver,Dodge,Viper,WP1AA2A26BL616327,2366.93
971,Alabama,Montgomery,Mercedes-Benz,SLR McLaren,WAULD54B23N596274,6430.83
972,Colorado,Grand Junction,Lincoln,MKZ,5N1AZ2MH9FN085367,1108.34
973,Colorado,Colorado Springs,Audi,riolet,JH4KB16548C898915,2502.53
974,Indiana,Fort Wayne,Chevrolet,Express,WAUEH98EX6A051539,2659.5
975,Indiana,Indianapolis,Audi,90,WBA3B3C56DJ440737,9392.17
976,Colorado,Arvada,Mitsubishi,Lancer,JM1NC2EF8A0058607,143.97
977,Colorado,Grand Junction,Saab,9000,YV1902AH9E1387537,9987.48
978,Colorado,Colorado Springs,Buick,Century,JM1BL1K59B1400716,8039.18
979,Massachusetts,Brockton,Toyota,Solara,1N6AA0CA3CN119719,5672.75
980,Colorado,Colorado Springs,GMC,Savana 2500,5GALVBED2AJ983668,9606.38
981,Indiana,Indianapolis,Dodge,Dakota,5YMGZ0C5XAL634726,5812.24
982,Colorado,Denver,Jaguar,XK Series,1GT01XEG7FZ929196,2854.86
983,Massachusetts,Woburn,Toyota,Tacoma Xtra,WA1DVAFE4AD305811,1707.44
984,Indiana,Indianapolis,Ford,Expedition,SCBDR33W47C177865,945.42
985,Kentucky,Lexington,Lexus,GS,1ZVBP8AMXE5776681,3314.91
986,Massachusetts,Worcester,Mazda,MX-5,1G6DA8E58D0211621,3693.37
987,Indiana,Indianapolis,Lotus,Esprit,5LMJJ3J55DE563558,2297.9
988,Massachusetts,Boston,Pontiac,Fiero,1C6RD7KP9CS524312,841.57
989,Indiana,Indianapolis,Volkswagen,GTI,5UXFG83579L483489,5983.45
990,Massachusetts,Boston,Hyundai,Tiburon,1N6AF0LY3FN859256,6775.11
991,Alabama,Birmingham,Ford,Laser,1FTEW1CM0BK422184,1728.58
992,Colorado,Englewood,Ford,Explorer Sport Trac,WBAXG5C50CC915431,3612.78
993,Colorado,Fort Collins,Pontiac,Firefly,1C6RD6PT8CS070943,3261.92
994,Colorado,Boulder,Chevrolet,Express 1500,WAUHGBFC1DN478266,8067.89
995,Indiana,Indianapolis,Chrysler,Crossfire,3N1BC1AP4BL001565,3132.49
996,Alabama,Montgomery,Volkswagen,Cabriolet,1B3CB8HB7BD009125,4169.45
997,Alabama,Birmingham,GMC,Sierra 2500,5GADV23W37D891419,9198.97
998,Massachusetts,Boston,Honda,Civic,SALAB2V68FA697100,6563.59
999,Alabama,Mobile,Honda,CR-Z,KNADH4A37B6309102,4046.62
1000,Indiana,Terre Haute,Lotus,Evora,WBAAV334X1E371240,8018.8
